<?xml version="1.0" encoding="utf-8" standalone="yes" ?>
<rss version="2.0" xmlns:atom="http://www.w3.org/2005/Atom">
  <channel>
    <title>Tags | Junyao Wang&#39;s Website</title>
    <link>https://wjy-yy.github.io/tags/</link>
      <atom:link href="https://wjy-yy.github.io/tags/index.xml" rel="self" type="application/rss+xml" />
    <description>Tags</description>
    <generator>Wowchemy (https://wowchemy.com)</generator><language>en-us</language><lastBuildDate>Fri, 05 May 2023 23:00:00 +0000</lastBuildDate>
    <image>
      <url>https://wjy-yy.github.io/media/icon_hu7f884a298faf95f889f3a23a893e55a2_114855_512x512_fill_lanczos_center_3.png</url>
      <title>Tags</title>
      <link>https://wjy-yy.github.io/tags/</link>
    </image>
    
  </channel>
</rss>
