<?xml version="1.0" encoding="utf-8" standalone="yes" ?>
<rss version="2.0" xmlns:atom="http://www.w3.org/2005/Atom">
  <channel>
    <title>Publications | Junyao Wang&#39;s Website</title>
    <link>https://wjy-yy.github.io/publication/</link>
      <atom:link href="https://wjy-yy.github.io/publication/index.xml" rel="self" type="application/rss+xml" />
    <description>Publications</description>
    <generator>Wowchemy (https://wowchemy.com)</generator><language>en-us</language><lastBuildDate>Fri, 05 May 2023 23:00:00 +0000</lastBuildDate>
    <image>
      <url>https://wjy-yy.github.io/media/icon_hu7f884a298faf95f889f3a23a893e55a2_114855_512x512_fill_lanczos_center_3.png</url>
      <title>Publications</title>
      <link>https://wjy-yy.github.io/publication/</link>
    </image>
    
    <item>
      <title>Unsupervised brain MRI image registration based on hybrid ViT and convolutional U-net</title>
      <link>https://wjy-yy.github.io/www.researchsquare.com/article/rs-2898722/v1</link>
      <pubDate>Fri, 05 May 2023 23:00:00 +0000</pubDate>
      <guid>https://wjy-yy.github.io/www.researchsquare.com/article/rs-2898722/v1</guid>
      <description>&lt;div class=&#34;alert alert-note&#34;&gt;
  &lt;div&gt;
    Create your slides in Markdown - click the &lt;em&gt;Slides&lt;/em&gt; button to check out the example.
  &lt;/div&gt;
&lt;/div&gt;
&lt;p&gt;Supplementary notes can be added here, including &lt;a href=&#34;https://wowchemy.com/docs/writing-markdown-latex/&#34; target=&#34;_blank&#34; rel=&#34;noopener&#34;&gt;code, math, and images&lt;/a&gt;.&lt;/p&gt;
</description>
    </item>
    
  </channel>
</rss>
